"Stage 2 is Monday, August, 3, 2026, when the schedule is revealed. As of today we are hitting the streets to pre-sell the NFL Ad PKG prior to the network schedule release in August. ",,,,,,,,,,,,,,,,,,,
,,,,,,,,,,,,,,,,,,,
CBS Affiliate NFL 27 Game Ad PKG - Schedule Release,,,,,,,,,,,"In August 2026 a new Nieslsen methodology took effect called the 1-minute qualifier, meaning that a Household only has to watch 1 minute now instead of 5 minutes before for Nielsen to count them as a viewing Household. This means the Nielsen ratings  should increase, but by how much management is uncertain. Below are 3 projected increases, 15%, 20%, and 25%. ",,,,,,,Associated 1-Minute Qualifier Probabilities,
Schedule Date:   9/7/2026 - 1/10/2027,,,Acct. Exec: sp_1,,,,,,,,,,,,,,,% Increase in 000s,Probability of % Increase Occurring
Date Range:      9/7/2026-1/10/2027,,,,,,,,,,,,,,,,,,15% Increase,50%
Advertiser:      NFL Ad PKG,,,,,,"These 000s are the original without any adjustments for the Nielsen 1-Minute qualifier, ",,,,,,,,,,,,20% Increase,35%
Spot Length(s):  :30,,,,,,,,,,,,,,,,,,25% Increase,15%
Market:          OBFUSCATED,,,,,,,,,,,,,,,,,,,
,,,,,,,,,,,,,,,,,,,
,,,,,Spot,Original 000s,Revised 000s,000s Decrreased ,Original CPM,Revised CPM,"IMPORTANT NOTE! These 000s are based off of the Revised 000s from the left, after adjusting for the low-interest games!",,,,,,,,
Network,Game ID,Program Name,Time,Rate,Length,,,,,,15% Increased 000s,20% Increased 000s,25% Increased 000s,15% Increased 000s CPM,20% Increased 000s CPM,25% Increased 000s CPM,,,
CBS,1,NFL THNKSGVNG GAME CHIC/DET,Thu 12:00p-3:30p,"$7,000.00",:30,88.5,88.5,0.0,$79.11,$79.11,101.8,106.2,110.60,$68.79,$65.93,$63.29,,,
CBS,2,KC NFL GAME #1 ARIZONA/KC,Sun 12:00p-3:30p,"$5,500.00",:30,59.4,41.6,17.8,$92.65,$132.36,47.8,49.9,51.94,$115.10,$110.30,$105.89,,,
CBS,3,KC NFL GAME #1 KC/ATLANTA,Sun 12:00p-3:30p,"$5,500.00",:30,59.4,41.6,17.8,$92.65,$132.36,47.8,49.9,51.94,$115.10,$110.30,$105.89,,,
CBS,4,KC NFL GAME #1 KC/MIAMI,Sun 12:00p-3:30p,"$5,500.00",:30,59.4,59.4,0.0,$92.65,$92.65,68.3,71.2,74.20,$80.57,$77.21,$74.12,,,
CBS,5,KC NFL GAME #1 NY JETS/KC,Sun 12:00p-3:30p,"$5,500.00",:30,59.4,41.6,17.8,$92.65,$132.36,47.8,49.9,51.94,$115.10,$110.30,$105.89,,,
CBS,6,KC NFL GAME #2 KC/DENVER,Sun 3:30p-6:30p,"$5,500.00",:30,83.1,83.1,0.0,$66.17,$66.17,95.6,99.7,103.90,$57.54,$55.14,$52.94,,,
CBS,7,KC NFL GAME #2 KC/LAS VEGAS,Sun 3:30p-6:30p,"$5,500.00",:30,83.1,83.1,0.0,$66.17,$66.17,95.6,99.7,103.90,$57.54,$55.14,$52.94,,,
CBS,8,KC NFL GAME #2 LA CHRGRS/KC,Sun 3:30p-6:30p,"$5,500.00",:30,83.1,58.2,24.9,$66.17,$94.53,66.9,69.8,72.73,$82.20,$78.77,$75.62,,,
CBS,9,KC NFL GAME #2 SAN FRAN/KC,Sun 3:30p-6:30p,"$5,500.00",:30,83.1,83.1,0.0,$66.17,$66.17,95.6,99.7,103.90,$57.54,$55.14,$52.94,,,
CBS,10,NFL GAME #2 CAROLINA/MINNY,Sun 3:30p-6:30p,"$5,500.00",:30,83.1,58.2,24.9,$66.19,$94.55,66.9,69.8,72.71,$82.22,$78.79,$75.64,,,
CBS,11,NFL GAME #2 GRNBAY/MINNY,Sun 3:30p-6:30p,"$5,500.00",:30,83.1,83.1,0.0,$66.19,$66.19,95.6,99.7,103.88,$57.55,$55.15,$52.95,,,
CBS,12,NFL SAT NIGHT CHIC/BFLO,Sat 7:00p-10:00p,"$5,500.00",:30,83.1,83.1,0.0,$66.19,$66.19,95.6,99.7,103.88,$57.55,$55.15,$52.95,,,
CBS,13,NFL GAME #1 CHIC/MIAMI,Sun 12:00p-3:30p,"$5,500.00",:30,59.4,59.4,0.0,$92.59,$92.59,68.3,71.3,74.25,$80.52,$77.16,$74.07,,,
CBS,14,NFL GAME #1 INDY/MINNY,Sun 12:00p-3:30p,"$5,500.00",:30,59.4,59.4,0.0,$92.59,$92.59,68.3,71.3,74.25,$80.52,$77.16,$74.07,,,
CBS,15,NFL GAME #2 DENVER/LA CHRGRS,Sun 3:00p-6:00p,"$4,000.00",:30,69.2,48.4,20.8,$57.80,$82.58,55.7,58.1,60.55,$71.81,$68.81,$66.06,,,
CBS,16,NFL GAME #2 BALT/DALLAS,Sun 3:30p-6:30p,"$4,000.00",:30,69.2,69.2,0.0,$57.80,$57.80,79.6,83.0,86.50,$50.26,$48.17,$46.24,,,
CBS,17,NFL GAME #2 DENVER/LAS VEGAS,Sun 3:30p-6:30p,"$4,000.00",:30,69.2,69.2,0.0,$57.80,$57.80,79.6,83.0,86.50,$50.26,$48.17,$46.24,,,
CBS,18,NFL GAME #2 LAS VEGAS/DENVER,Sun 3:30p-6:30p,"$4,000.00",:30,69.2,69.2,0.0,$57.80,$57.80,79.6,83.0,86.50,$50.26,$48.17,$46.24,,,
CBS,19,NFL GAME #1 BALT/BFLO,Sun 12:00p-3:30p,"$1,500.00",:30,39.1,39.1,0.0,$38.34,$38.34,45.0,46.9,48.90,$33.34,$31.95,$30.67,,,
CBS,20,NFL GAME #1 BALT/PITTS,Sun 12:00p-3:30p,"$1,500.00",:30,39.1,39.1,0.0,$38.34,$38.34,45.0,46.9,48.90,$33.34,$31.95,$30.67,,,
CBS,21,NFL GAME #1 BFLO/HOUSTON,Sun 12:00p-3:30p,"$1,500.00",:30,35.1,24.6,10.5,$42.71,$61.02,28.3,29.5,30.73,$53.06,$50.85,$48.81,,,
CBS,22,NFL GAME #1 LACHARG/TAMPA BY,Sun 12:00p-3:30p,"$1,500.00",:30,39.1,27.4,11.7,$38.34,$54.78,31.5,32.9,34.23,$47.63,$45.65,$43.82,,,
CBS,23,NFL GAME #1 NEW ENG/BFLO,Sun 12:00p-3:30p,"$1,500.00",:30,39.1,39.1,0.0,$38.34,$38.34,45.0,46.9,48.90,$33.34,$31.95,$30.67,,,
CBS,24,NFL GAME #1 NEW ENG/NY JETS,Sun 12:00p-3:30p,"$1,500.00",:30,39.1,27.4,11.7,$38.34,$54.78,31.5,32.9,34.23,$47.63,$45.65,$43.82,,,
CBS,25,NFL GAME #1 NEW ORLNS/CINCY,Sun 12:00p-3:30p,"$1,500.00",:30,39.1,23.5,15.6,$38.34,$63.91,27.0,28.2,29.34,$55.57,$53.25,$51.12,,,
CBS,26,NFL GAME #1 PITTS/NEW ENG,Sun 12:00p-3:30p,"$1,500.00",:30,39.1,39.1,0.0,$38.34,$38.34,45.0,46.9,48.90,$33.34,$31.95,$30.67,,,
CBS,27,NFL GAME #1/CARLNA/PHILLY,Sun 12:00p-3:30p,"$1,500.00",:30,39.1,27.4,11.7,$38.34,$54.78,31.5,32.9,34.23,$47.63,$45.65,$43.82,,,
,,,,"$108,000.00",,1651.4,1465.9,185.4,$65.40,$73.67,1685.8,1759.1,1832.4,$64.06,$61.39,$58.94,,,
,,,,,,,,,,,,,,,,,,,
"After the schedule is released, the station recalculates expected package delivery using the actual game mix. A game featuring one low-interest team receives a 30% IMP reduction; a game featuring two low-interest teams receives a 40% reduction. Low-interest teams are the New York Jets, Los Angeles Chargers, New York Giants, New Orleans Saints, Houston Texans, Atlanta Falcons, Arizona Cardinals, Tennessee Titans, Carolina Panthers, Jacksonville Jaguars, Cleveland Browns, and Cincinnati Bengals. IMPs have been adjusted accordingly in the Revised 000s and Revised CPM.",,,,,,,,,,,,,,,,,,,
,,,,,,,,,,,,,,,,,,,
,,,,,,,,,,,,,,,,,,,
,,,,,,,,,,,,,,,,,,,
,,,,,,,,,,,,,,,,,,,
,,,,,,,,,,,,,,,,,,,
CPM = Cost Per Thousand,,,,,,,,,,,,,,,,,,,
000s is thousands of Households estimated to be viewing each game,,,,,,,,,,,,,,,,,,,
,,,,,,,,,,,,,,,,,,,
