game_id,game,rate,original_000s,revised_000s
1,NFL THNKSGVNG GAME CHIC/DET,7000,88.48,88.48
2,KC NFL GAME #1 ARIZONA/KC,5500,59.36000000000001,41.552
3,KC NFL GAME #1 KC/ATLANTA,5500,59.36000000000001,41.552
4,KC NFL GAME #1 KC/MIAMI,5500,59.36000000000001,59.36000000000001
5,KC NFL GAME #1 NY JETS/KC,5500,59.36000000000001,41.552
6,KC NFL GAME #2 KC/DENVER,5500,83.12,83.12
7,KC NFL GAME #2 KC/LAS VEGAS,5500,83.12,83.12
8,KC NFL GAME #2 LA CHRGRS/KC,5500,83.12,58.184
9,KC NFL GAME #2 SAN FRAN/KC,5500,83.12,83.12
10,NFL GAME #2 CAROLINA/MINNY,5500,83.1,58.169999999999995
11,NFL GAME #2 GRNBAY/MINNY,5500,83.1,83.1
12,NFL SAT NIGHT CHIC/BFLO,5500,83.1,83.1
13,NFL GAME #1 CHIC/MIAMI,5500,59.4,59.4
14,NFL GAME #1 INDY/MINNY,5500,59.4,59.4
15,NFL GAME #2 DENVER/LA CHRGRS,4000,69.2,48.44
16,NFL GAME #2 BALT/DALLAS,4000,69.2,69.2
17,NFL GAME #2 DENVER/LAS VEGAS,4000,69.2,69.2
18,NFL GAME #2 LAS VEGAS/DENVER,4000,69.2,69.2
19,NFL GAME #1 BALT/BFLO,1500,39.120000000000005,39.120000000000005
20,NFL GAME #1 BALT/PITTS,1500,39.120000000000005,39.120000000000005
21,NFL GAME #1 BFLO/HOUSTON,1500,35.12,24.583999999999996
22,NFL GAME #1 LACHARG/TAMPA BY,1500,39.120000000000005,27.384
23,NFL GAME #1 NEW ENG/BFLO,1500,39.120000000000005,39.120000000000005
24,NFL GAME #1 NEW ENG/NY JETS,1500,39.120000000000005,27.384
25,NFL GAME #1 NEW ORLNS/CINCY,1500,39.120000000000005,23.472
26,NFL GAME #1 PITTS/NEW ENG,1500,39.120000000000005,39.120000000000005
27,NFL GAME #1/CARLNA/PHILLY,1500,39.120000000000005,27.384
